doc_id,text
1,"Worldwide, without doubt, artificial intelligence research is fast-evolving - machine learning is, in fact, a multi-disciplinary field transforming it all!"
2,"Not always well-optimized, yet significantly useful - information retrieval systems, however, do improve search efficiency in real-world databases."
3,"Without pre-trained models, it is a highly complex, error-prone task; yet natural language processing enables intelligent chatbots and voice assistants."
4,"Both time-consuming and costly, yet absolutely necessary - acquiring high-quality, well-annotated data is what deep learning models require for large-scale training."
5,"Inverted indexing and page-ranking algorithms are, without doubt, the most widely-used techniques today - search engines rely on them heavily for results."
6,"Widely applied in medical diagnosis systems, machine learning techniques - including cancer-detection, drug-discovery, and patient-risk assessment - are transforming healthcare."
7,"From large corpora, retrieval models help locate relevant documents quickly - especially when they are well-structured, properly indexed, and efficiently organized."
8,"Often misunderstood or over-hyped in mainstream media, artificial intelligence - which encompasses machine learning, deep learning, and NLP - is, however, far more nuanced."
9,"The backbone of modern search technology, without doubt - students are, after all, studying inverted indexing methods and information retrieval systems extensively."
10,"Poorly-labeled or out-of-date, many datasets were, unfortunately, unreliable; yet researchers retrieved well-annotated datasets for their supervised learning experiments."